,f1-score,precision,recall,support
accuracy,0.8350071736011477,0.8350071736011477,0.8350071736011477,0.8350071736011477
hip-hop,0.7748917748917749,0.7617021276595745,0.788546255506608,227.0
macro avg,0.8329899793314427,0.8333301386492876,0.8329321621769687,697.0
pop,0.7760532150776054,0.7882882882882883,0.7641921397379913,229.0
rock-n-roll,0.948024948024948,0.95,0.946058091286307,241.0
weighted avg,0.8351372046301534,0.8355443342851383,0.8350071736011477,697.0
